scenario,net_impact,ai_total,human_total,ai_training_operational,ai_training_embodied,ai_inference_operational,ai_inference_embodied
Optimistic,-8.512832562167278,0.03131209113424658,28.480482177671746,0.0010368,0.00034246575342465754,0.022500633600000004,0.007432191780821918
Realistic,2.381856063355098,11.717673619053881,31.11939185232928,0.7465248,0.1278538812785388,9.2577606912,1.5855342465753424
Pessimistic,49.94427985389026,66.33570853972603,54.63809561945257,15.3153,0.8630136986301371,47.4818058,2.6755890410958907
