scenario,net_impact,ai_total,human_total,ai_training_operational,ai_training_embodied,ai_inference_operational,ai_inference_embodied
Optimistic,0.308913335013699,0.3089133350136986,22.7,0.006804,0.013167123287671235,0.098440272,0.1905019397260274
Realistic,3.1332266079269395,3.1332266079269404,22.7,0.12612600000000004,0.10767694063926941,1.564106544,1.3353171232876713
Pessimistic,10.460863307397258,10.46086330739726,22.7,1.1232,0.8356164383561643,4.87513728,3.626909589041096
