scenario,net_impact,ai_total,human_total,ai_training_operational,ai_training_embodied,ai_inference_operational,ai_inference_embodied
Optimistic,-6.723145062167276,0.03131209113424658,22.514857177671743,0.0010368,0.00034246575342465754,0.022500633600000004,0.007432191780821918
Realistic,3.367716547360577,10.171117407853881,22.678002868311015,0.63112,0.1278538812785388,7.82660928,1.5855342465753424
Pessimistic,58.47512360389026,66.33570853972603,26.201949786119233,15.3153,0.8630136986301371,47.4818058,2.6755890410958907
