scenario,net_impact,ai_total,human_total,ai_training_operational,ai_training_embodied,ai_inference_operational,ai_inference_embodied
Optimistic,0.07312114001183545,0.07312114001183562,22.7,0.0007776000000000001,0.0024383561643835615,0.0168754752,0.052917205479452056
Realistic,2.6051302644215504,2.605130264421552,22.7,0.10819199999999998,0.08614155251141553,1.341704448,1.068253698630137
Pessimistic,68.68662646832877,68.68662646832877,22.7,11.486475,5.264383561643835,35.61135435,16.32109315068493
