scenario,net_impact,ai_total,human_total,ai_training_operational,ai_training_embodied,ai_inference_operational,ai_inference_embodied
Optimistic,0.0730086368438343,0.07300863684383561,22.7,0.0007776000000000001,0.0024383561643835615,0.0168754752,0.052917205479452056
Realistic,2.6042916991415517,2.6042916991415526,22.7,0.10819199999999998,0.08614155251141553,1.341704448,1.068253698630137
Pessimistic,68.36161490417186,68.36161490417186,22.7,11.486475,5.185927770859278,35.61135435,16.077857783312577
