parameter,in_min,in_max,out_min,out_max,unit,baseline,delta_min,delta_max
Carbon intensity,150.0,715.0,1.6989449844215514,3.746923717221552,gCO2e/kWh,2.605130264421552,-0.9061852800000008,1.1417934528
Training time,2.0,14.0,2.5218444562023734,3.1881309219558,days,2.605130264421552,-0.08328580821917875,0.5830006575342477
GPU utilization,0.4,0.85,1.9833866873015535,2.9160020529815505,,2.605130264421552,-0.6217435771199986,0.3108717885599983
GPU lifespan,1.1,2.0,2.667435287252601,2.5622955612252056,years,2.605130264421552,0.062305022831048884,-0.042834703196346524
Server lifespan,3.0,5.0,2.932815743873608,2.408518976750319,years,2.605130264421552,0.32768547945205606,-0.19661128767123337
Queries per month,1000000000.0,12000000000.0,7.815390793264658,0.6512825661053867,,2.605130264421552,5.210260528843106,-1.9538476983161654
Prompt per task,1.0,15.0,0.6519114900653875,9.76693243706082,,2.605130264421552,-1.9532187743561646,7.161802172639268
PUE,1.08,1.25,2.516824654917553,2.731281135141554,,2.605130264421552,-0.08830560950399935,0.12615087072000186
